brand_name,brand_id
Dupatta Bazaar,242
Dupatta Bazaar,242
Dupatta Bazaar,242
Dupatta Bazaar,242
Dupatta Bazaar,242
Dupatta Bazaar,242
Dupatta Bazaar,242
Dupatta Bazaar,242
Dupatta Bazaar,242
Dupatta Bazaar,242
Dupatta Bazaar,242
Dupatta Bazaar,242
Dupatta Bazaar,242
Dupatta Bazaar,242
Dupatta Bazaar,242
Dupatta Bazaar,242
Dupatta Bazaar,242
Dupatta Bazaar,242
Dupatta Bazaar,242
Dupatta Bazaar,242
Dupatta Bazaar,242
Dupatta Bazaar,242
Dupatta Bazaar,242
Dupatta Bazaar,242
Dupatta Bazaar,242
Dupatta Bazaar,242
Dupatta Bazaar,242
Dupatta Bazaar,242
Dupatta Bazaar,242
Dupatta Bazaar,242
Dupatta Bazaar,242
Dupatta Bazaar,242
Dupatta Bazaar,242
Dupatta Bazaar,242
Dupatta Bazaar,242
Dupatta Bazaar,242
Dupatta Bazaar,242
Dupatta Bazaar,242
Dupatta Bazaar,242
Dupatta Bazaar,242
Dupatta Bazaar,242
Dupatta Bazaar,242
Dupatta Bazaar,242
Dupatta Bazaar,242
Dupatta Bazaar,242
Dupatta Bazaar,242
Dupatta Bazaar,242
Dupatta Bazaar,242
Dupatta Bazaar,242
Dupatta Bazaar,242
Dupatta Bazaar,242
Dupatta Bazaar,242
Dupatta Bazaar,242
Dupatta Bazaar,242
Dupatta Bazaar,242
Dupatta Bazaar,242
Dupatta Bazaar,242
Dupatta Bazaar,242
Dupatta Bazaar,242
Dupatta Bazaar,242
Dupatta Bazaar,242
Dupatta Bazaar,242
Dupatta Bazaar,242
Dupatta Bazaar,242
Dupatta Bazaar,242
Dupatta Bazaar,242
Dupatta Bazaar,242
Dupatta Bazaar,242
Dupatta Bazaar,242
Dupatta Bazaar,242
Dupatta Bazaar,242
Dupatta Bazaar,242
Dupatta Bazaar,242
Dupatta Bazaar,242
Dupatta Bazaar,242
Dupatta Bazaar,242
Dupatta Bazaar,242
Dupatta Bazaar,242
Dupatta Bazaar,242
Dupatta Bazaar,242
Roadster,750
Roadster,750
Roadster,750
Roadster,750
Roadster,750
Roadster,750
Roadster,750
Roadster,750
Roadster,750
Roadster,750
Roadster,750
Roadster,750
Roadster,750
Roadster,750
Roadster,750
Roadster,750
Roadster,750
Roadster,750
Roadster,750
Roadster,750
Roadster,750
Roadster,750
Roadster,750
Roadster,750
Roadster,750
Roadster,750
Roadster,750
Roadster,750
Roadster,750
Roadster,750
Roadster,750
Roadster,750
Roadster,750
Roadster,750
Roadster,750
Roadster,750
Roadster,750
Roadster,750
Roadster,750
Roadster,750
Roadster,750
Roadster,750
Roadster,750
Roadster,750
Roadster,750
Roadster,750
Roadster,750
Roadster,750
Roadster,750
Roadster,750
Roadster,750
Roadster,750
Roadster,750
Roadster,750
Roadster,750
Roadster,750
Roadster,750
Roadster,750
Roadster,750
Roadster,750
Roadster,750
Roadster,750
Roadster,750
Roadster,750
Roadster,750
Roadster,750
Roadster,750
Roadster,750
Roadster,750
Roadster,750
Roadster,750
Roadster,750
Roadster,750
Roadster,750
Roadster,750
Roadster,750
Roadster,750
Roadster,750
Roadster,750
Roadster,750
Roadster,750
Roadster,750
Roadster,750
Roadster,750
Roadster,750
Roadster,750
Roadster,750
Roadster,750
Roadster,750
Roadster,750
Roadster,750
Roadster,750
Roadster,750
Roadster,750
Roadster,750
Roadster,750
Roadster,750
Roadster,750
Roadster,750
Roadster,750
Roadster,750
Roadster,750
Roadster,750
Roadster,750
Roadster,750
Roadster,750
Roadster,750
Roadster,750
Roadster,750
Roadster,750
Roadster,750
Roadster,750
Roadster,750
Roadster,750
Roadster,750
Roadster,750
Roadster,750
Roadster,750
Roadster,750
Roadster,750
Roadster,750
Roadster,750
Roadster,750
Roadster,750
Roadster,750
Roadster,750
Roadster,750
Roadster,750
Roadster,750
Roadster,750
Roadster,750
Roadster,750
Roadster,750
Roadster,750
Roadster,750
Roadster,750
Roadster,750
Roadster,750
Roadster,750
Roadster,750
Roadster,750
Roadster,750
Roadster,750
Roadster,750
Roadster,750
Roadster,750
Roadster,750
Roadster,750
Roadster,750
Roadster,750
Roadster,750
Roadster,750
Roadster,750
Roadster,750
Roadster,750
Roadster,750
Roadster,750
Roadster,750
Roadster,750
Roadster,750
Roadster,750
Roadster,750
Roadster,750
Roadster,750
Roadster,750
Roadster,750
Roadster,750
Roadster,750
Roadster,750
Roadster,750
Roadster,750
Roadster,750
Roadster,750
Roadster,750
Roadster,750
Roadster,750
Roadster,750
Roadster,750
Roadster,750
Roadster,750
Roadster,750
Roadster,750
Roadster,750
Roadster,750
Roadster,750
Roadster,750
Roadster,750
Roadster,750
Roadster,750
Roadster,750
Roadster,750
Roadster,750
Roadster,750
Roadster,750
Roadster,750
Roadster,750
Roadster,750
Roadster,750
Roadster,750
Roadster,750
Roadster,750
Roadster,750
Roadster,750
Roadster,750
Roadster,750
Roadster,750
Roadster,750
Roadster,750
Roadster,750
Roadster,750
Roadster,750
Roadster,750
Roadster,750
Roadster,750
Roadster,750
Roadster,750
Roadster,750
Roadster,750
Roadster,750
Roadster,750
Roadster,750
Roadster,750
Roadster,750
Roadster,750
Roadster,750
Roadster,750
Roadster,750
Roadster,750
Roadster,750
Roadster,750
Roadster,750
Roadster,750
Roadster,750
Roadster,750
Roadster,750
Roadster,750
Roadster,750
Roadster,750
Roadster,750
Roadster,750
Roadster,750
Roadster,750
Roadster,750
Roadster,750
Roadster,750
Roadster,750
Roadster,750
Roadster,750
Roadster,750
Roadster,750
Roadster,750
Roadster,750
Roadster,750
Roadster,750
Roadster,750
Roadster,750
Roadster,750
Roadster,750
Roadster,750
Roadster,750
Roadster,750
Roadster,750
Roadster,750
Roadster,750
Roadster,750
Roadster,750
Roadster,750
Roadster,750
Roadster,750
Roadster,750
Roadster,750
Roadster,750
Roadster,750
Roadster,750
Roadster,750
Roadster,750
Roadster,750
Roadster,750
Roadster,750
Roadster,750
Roadster,750
Roadster,750
Roadster,750
Roadster,750
Roadster,750
Roadster,750
Roadster,750
Roadster,750
Roadster,750
Inddus,389
Inddus,389
Inddus,389
Inddus,389
Inddus,389
Inddus,389
Inddus,389
Inddus,389
Inddus,389
Inddus,389
Inddus,389
Inddus,389
Inddus,389
Inddus,389
Inddus,389
Inddus,389
Inddus,389
Inddus,389
Inddus,389
Inddus,389
Inddus,389
Inddus,389
Inddus,389
Inddus,389
Inddus,389
Inddus,389
Inddus,389
Inddus,389
Inddus,389
Inddus,389
Inddus,389
Inddus,389
Inddus,389
Inddus,389
Inddus,389
Inddus,389
Inddus,389
Inddus,389
Inddus,389
Inddus,389
Inddus,389
Inddus,389
Inddus,389
Inddus,389
Inddus,389
Inddus,389
Inddus,389
Inddus,389
Inddus,389
Inddus,389
Inddus,389
Inddus,389
Inddus,389
Inddus,389
Inddus,389
Inddus,389
Inddus,389
Inddus,389
Inddus,389
Inddus,389
Inddus,389
Kotty,482
Kotty,482
Kotty,482
Kotty,482
Kotty,482
Kotty,482
Kotty,482
Kotty,482
Sera,793
Sera,793
Sera,793
Sera,793
Sera,793
Sera,793
Sera,793
Sera,793
Sera,793
Sera,793
Sera,793
Sera,793
Sera,793
Sera,793
Sera,793
Sera,793
Sera,793
Sera,793
Sera,793
Sera,793
Sera,793
Sera,793
Sera,793
Sera,793
Sera,793
Sera,793
Sera,793
Sera,793
Sera,793
Sera,793
Sera,793
Sera,793
Tokyo Talkies,903
Tokyo Talkies,903
Tokyo Talkies,903
Tokyo Talkies,903
Tokyo Talkies,903
Tokyo Talkies,903
Tokyo Talkies,903
Tokyo Talkies,903
Tokyo Talkies,903
Tokyo Talkies,903
Tokyo Talkies,903
Tokyo Talkies,903
Tokyo Talkies,903
Tokyo Talkies,903
Tokyo Talkies,903
Tokyo Talkies,903
Tokyo Talkies,903
Tokyo Talkies,903
Tokyo Talkies,903
Tokyo Talkies,903
Tokyo Talkies,903
Tokyo Talkies,903
Tokyo Talkies,903
Tokyo Talkies,903
Tokyo Talkies,903
Tokyo Talkies,903
Tokyo Talkies,903
Tokyo Talkies,903
Tokyo Talkies,903
Tokyo Talkies,903
Tokyo Talkies,903
Tokyo Talkies,903
Tokyo Talkies,903
Tokyo Talkies,903
Tokyo Talkies,903
Tokyo Talkies,903
Tokyo Talkies,903
Tokyo Talkies,903
Tokyo Talkies,903
Tokyo Talkies,903
Tokyo Talkies,903
Tokyo Talkies,903
Tokyo Talkies,903
Tokyo Talkies,903
Tokyo Talkies,903
Tokyo Talkies,903
Tokyo Talkies,903
Tokyo Talkies,903
Tokyo Talkies,903
Tokyo Talkies,903
Tokyo Talkies,903
Tokyo Talkies,903
Tokyo Talkies,903
Tokyo Talkies,903
Tokyo Talkies,903
Tokyo Talkies,903
Tokyo Talkies,903
Tokyo Talkies,903
Tokyo Talkies,903
Tokyo Talkies,903
Tokyo Talkies,903
Tokyo Talkies,903
Tokyo Talkies,903
Tokyo Talkies,903
Tokyo Talkies,903
Tokyo Talkies,903
Tokyo Talkies,903
Tokyo Talkies,903
Tokyo Talkies,903
Tokyo Talkies,903
Tokyo Talkies,903
Tokyo Talkies,903
Tokyo Talkies,903
Tokyo Talkies,903
Tokyo Talkies,903
Tokyo Talkies,903
Tokyo Talkies,903
Tokyo Talkies,903
Tokyo Talkies,903
Tokyo Talkies,903
Tokyo Talkies,903
Tokyo Talkies,903
Tokyo Talkies,903
Tokyo Talkies,903
Tokyo Talkies,903
Tokyo Talkies,903
Tokyo Talkies,903
Tokyo Talkies,903
Tokyo Talkies,903
Tokyo Talkies,903
Tokyo Talkies,903
Tokyo Talkies,903
Tokyo Talkies,903
Tokyo Talkies,903
Tokyo Talkies,903
Tokyo Talkies,903
Tokyo Talkies,903
Tokyo Talkies,903
Tokyo Talkies,903
Tokyo Talkies,903
Tokyo Talkies,903
Tokyo Talkies,903
Tokyo Talkies,903
Tokyo Talkies,903
Tokyo Talkies,903
Tokyo Talkies,903
Tokyo Talkies,903
Tokyo Talkies,903
Tokyo Talkies,903
Tokyo Talkies,903
Tokyo Talkies,903
Tokyo Talkies,903
Tokyo Talkies,903
Tokyo Talkies,903
Tokyo Talkies,903
Tokyo Talkies,903
Tokyo Talkies,903
Tokyo Talkies,903
Tokyo Talkies,903
Tokyo Talkies,903
Tokyo Talkies,903
Tokyo Talkies,903
Tokyo Talkies,903
Tokyo Talkies,903
Tokyo Talkies,903
Tokyo Talkies,903
Tokyo Talkies,903
Tokyo Talkies,903
Tokyo Talkies,903
Tokyo Talkies,903
Tokyo Talkies,903
Tokyo Talkies,903
Tokyo Talkies,903
Tokyo Talkies,903
Tokyo Talkies,903
Tokyo Talkies,903
Tokyo Talkies,903
Tokyo Talkies,903
Tokyo Talkies,903
Tokyo Talkies,903
Tokyo Talkies,903
Tokyo Talkies,903
Tokyo Talkies,903
Tokyo Talkies,903
Tokyo Talkies,903
Tokyo Talkies,903
Tokyo Talkies,903
Tokyo Talkies,903
Tokyo Talkies,903
Tokyo Talkies,903
Tokyo Talkies,903
Tokyo Talkies,903
Tokyo Talkies,903
Tokyo Talkies,903
Tokyo Talkies,903
Tokyo Talkies,903
Tokyo Talkies,903
Tokyo Talkies,903
Tokyo Talkies,903
Tokyo Talkies,903
Tokyo Talkies,903
Tokyo Talkies,903
Tokyo Talkies,903
Tokyo Talkies,903
Tokyo Talkies,903
Tokyo Talkies,903
Tokyo Talkies,903
Tokyo Talkies,903
Tokyo Talkies,903
Tokyo Talkies,903
Tokyo Talkies,903
Tokyo Talkies,903
Tokyo Talkies,903
Tokyo Talkies,903
Tokyo Talkies,903
Tokyo Talkies,903
Tokyo Talkies,903
Tokyo Talkies,903
Tokyo Talkies,903
Tokyo Talkies,903
Tokyo Talkies,903
Tokyo Talkies,903
Tokyo Talkies,903
Tokyo Talkies,903
Tokyo Talkies,903
Tokyo Talkies,903
Tokyo Talkies,903
Tokyo Talkies,903
Tokyo Talkies,903
Tokyo Talkies,903
Tokyo Talkies,903
Tokyo Talkies,903
Tokyo Talkies,903
Tokyo Talkies,903
Tokyo Talkies,903
Tokyo Talkies,903
Tokyo Talkies,903
Tokyo Talkies,903
Tokyo Talkies,903
Tokyo Talkies,903
Tokyo Talkies,903
Tokyo Talkies,903
Tokyo Talkies,903
Tokyo Talkies,903
Tokyo Talkies,903
Tokyo Talkies,903
Tokyo Talkies,903
Tokyo Talkies,903
Tokyo Talkies,903
Tokyo Talkies,903
Tokyo Talkies,903
Tokyo Talkies,903
Tokyo Talkies,903
Tokyo Talkies,903
Tokyo Talkies,903
Tokyo Talkies,903
Tokyo Talkies,903
Tokyo Talkies,903
Tokyo Talkies,903
Tokyo Talkies,903
Tokyo Talkies,903
Tokyo Talkies,903
Tokyo Talkies,903
Tokyo Talkies,903
Tokyo Talkies,903
Tokyo Talkies,903
Tokyo Talkies,903
Tokyo Talkies,903
Tokyo Talkies,903
Tokyo Talkies,903
Tokyo Talkies,903
Tokyo Talkies,903
Tokyo Talkies,903
Tokyo Talkies,903
Tokyo Talkies,903
Tokyo Talkies,903
Tokyo Talkies,903
Tokyo Talkies,903
Tokyo Talkies,903
Tokyo Talkies,903
Tokyo Talkies,903
Tokyo Talkies,903
Tokyo Talkies,903
Tokyo Talkies,903
Tokyo Talkies,903
Tokyo Talkies,903
Tokyo Talkies,903
Tokyo Talkies,903
Tokyo Talkies,903
Anouk,75
Anouk,75
Anouk,75
Anouk,75
Anouk,75
Anouk,75
Anouk,75
Anouk,75
Anouk,75
Anouk,75
Anouk,75
Anouk,75
Anouk,75
Anouk,75
Anouk,75
Anouk,75
Anouk,75
Anouk,75
Anouk,75
Anouk,75
Anouk,75
Anouk,75
Anouk,75
Anouk,75
Anouk,75
Anouk,75
Anouk,75
Anouk,75
Anouk,75
Anouk,75
Anouk,75
Anouk,75
Anouk,75
Anouk,75
Anouk,75
Anouk,75
Anouk,75
Anouk,75
Anouk,75
Anouk,75
Anouk,75
Anouk,75
Anouk,75
Anouk,75
Anouk,75
Anouk,75
Anouk,75
Anouk,75
Anouk,75
Anouk,75
Anouk,75
Anouk,75
Anouk,75
Anouk,75
Anouk,75
Anouk,75
Anouk,75
Anouk,75
Anouk,75
Anouk,75
Anouk,75
Anouk,75
Anouk,75
Anouk,75
Anouk,75
Anouk,75
Anouk,75
Anouk,75
Anouk,75
Anouk,75
Anouk,75
Anouk,75
Anouk,75
Anouk,75
Anouk,75
Anouk,75
Anouk,75
Anouk,75
Anouk,75
Anouk,75
Anouk,75
Anouk,75
Anouk,75
Anouk,75
Anouk,75
Anouk,75
Anouk,75
Anouk,75
Anouk,75
Anouk,75
Anouk,75
Anouk,75
Anouk,75
Anouk,75
Anouk,75
Anouk,75
Anouk,75
Anouk,75
Anouk,75
Anouk,75
Anouk,75
Anouk,75
Anouk,75
Anouk,75
Anouk,75
Anouk,75
Anouk,75
Anouk,75
Anouk,75
Anouk,75
Anouk,75
Anouk,75
Anouk,75
Anouk,75
Anouk,75
Anouk,75
Anouk,75
Anouk,75
Anouk,75
Anouk,75
Anouk,75
Anouk,75
Anouk,75
Anouk,75
Anouk,75
Anouk,75
Anouk,75
Anouk,75
Anouk,75
Anouk,75
Anouk,75
Anouk,75
Anouk,75
Anouk,75
Anouk,75
Anouk,75
Anouk,75
Anouk,75
Anouk,75
Anouk,75
Anouk,75
Anouk,75
Anouk,75
Anouk,75
Anouk,75
Anouk,75
Anouk,75
Anouk,75
Anouk,75
Anouk,75
Anouk,75
Anouk,75
Anouk,75
Anouk,75
Anouk,75
Anouk,75
Anouk,75
Anouk,75
Anouk,75
Anouk,75
Anouk,75
Anouk,75
Anouk,75
Anouk,75
Anouk,75
Anouk,75
Anouk,75
Anouk,75
Khushal K,467
Khushal K,467
Khushal K,467
Khushal K,467
Khushal K,467
Khushal K,467
Khushal K,467
Anubhutee,79
Anubhutee,79
Anubhutee,79
Anubhutee,79
Anubhutee,79
Anubhutee,79
Anubhutee,79
Anubhutee,79
Anubhutee,79
Anubhutee,79
Anubhutee,79
Anubhutee,79
Anubhutee,79
Anubhutee,79
Anubhutee,79
Anubhutee,79
Anubhutee,79
Anubhutee,79
Anubhutee,79
Anubhutee,79
Anubhutee,79
Anubhutee,79
Anubhutee,79
Anubhutee,79
Styli,848
Styli,848
Chemistry,171
Chemistry,171
Chemistry,171
Chemistry,171
Chemistry,171
Chemistry,171
Chemistry,171
Chemistry,171
Chemistry,171
Chemistry,171
Chemistry,171
Chemistry,171
Chemistry,171
Chemistry,171
Chemistry,171
Chemistry,171
Chemistry,171
Chemistry,171
Chemistry,171
Chemistry,171
Chemistry,171
Chemistry,171
Chemistry,171
Chemistry,171
Chemistry,171
Chemistry,171
Chemistry,171
Chemistry,171
Chemistry,171
Athena,95
Athena,95
Athena,95
Athena,95
Athena,95
Athena,95
Athena,95
Athena,95
Athena,95
Athena,95
Athena,95
Athena,95
Athena,95
Athena,95
Athena,95
Athena,95
Athena,95
Athena,95
Athena,95
Athena,95
Athena,95
Athena,95
Athena,95
Athena,95
Athena,95
Athena,95
Athena,95
Athena,95
Athena,95
Athena,95
Athena,95
Athena,95
Athena,95
Athena,95
Athena,95
Athena,95
Athena,95
Athena,95
Athena,95
Athena,95
Athena,95
Athena,95
Athena,95
Athena,95
Athena,95
Athena,95
Athena,95
Allen Solly Woman,52
Allen Solly Woman,52
Allen Solly Woman,52
Allen Solly Woman,52
Allen Solly Woman,52
Allen Solly Woman,52
Allen Solly Woman,52
Allen Solly Woman,52
Allen Solly Woman,52
Allen Solly Woman,52
Allen Solly Woman,52
Allen Solly Woman,52
Allen Solly Woman,52
Azira,106
Azira,106
Azira,106
Azira,106
H&M,353
H&M,353
H&M,353
H&M,353
H&M,353
H&M,353
H&M,353
H&M,353
H&M,353
H&M,353
H&M,353
H&M,353
H&M,353
H&M,353
H&M,353
H&M,353
H&M,353
H&M,353
H&M,353
H&M,353
H&M,353
H&M,353
H&M,353
H&M,353
H&M,353
H&M,353
H&M,353
H&M,353
H&M,353
H&M,353
H&M,353
H&M,353
H&M,353
H&M,353
H&M,353
H&M,353
H&M,353
H&M,353
H&M,353
H&M,353
H&M,353
H&M,353
H&M,353
H&M,353
H&M,353
H&M,353
H&M,353
H&M,353
H&M,353
H&M,353
H&M,353
H&M,353
H&M,353
H&M,353
H&M,353
H&M,353
H&M,353
H&M,353
H&M,353
H&M,353
H&M,353
H&M,353
H&M,353
H&M,353
H&M,353
H&M,353
H&M,353
H&M,353
H&M,353
H&M,353
H&M,353
H&M,353
H&M,353
H&M,353
H&M,353
H&M,353
H&M,353
H&M,353
H&M,353
H&M,353
H&M,353
H&M,353
H&M,353
H&M,353
H&M,353
H&M,353
H&M,353
H&M,353
H&M,353
H&M,353
H&M,353
H&M,353
H&M,353
H&M,353
H&M,353
Taavi,868
Taavi,868
Taavi,868
Taavi,868
Taavi,868
Taavi,868
Taavi,868
Taavi,868
Taavi,868
Taavi,868
Taavi,868
Taavi,868
Taavi,868
Taavi,868
Taavi,868
Taavi,868
Taavi,868
Taavi,868
Taavi,868
Taavi,868
Taavi,868
Taavi,868
Taavi,868
Taavi,868
Taavi,868
Taavi,868
Taavi,868
Taavi,868
Taavi,868
Taavi,868
Taavi,868
Mitera,583
Mitera,583
Mitera,583
Mitera,583
Mitera,583
Mitera,583
Mitera,583
Mitera,583
Mitera,583
Mitera,583
Mitera,583
Mitera,583
Mitera,583
Mitera,583
Mitera,583
Mitera,583
Mitera,583
Mitera,583
Mitera,583
Mitera,583
Mitera,583
Mitera,583
Mitera,583
Mitera,583
Mitera,583
Mitera,583
Mitera,583
Mitera,583
Mitera,583
Mitera,583
Mitera,583
Mitera,583
Mitera,583
Mitera,583
Mitera,583
Mitera,583
Mitera,583
Mitera,583
Mitera,583
Mitera,583
Mitera,583
Mitera,583
Mitera,583
Mitera,583
Mitera,583
Mitera,583
Mitera,583
Mitera,583
Mitera,583
Mitera,583
Mitera,583
Mitera,583
Mitera,583
Mitera,583
Mitera,583
Mitera,583
Mitera,583
Mitera,583
Mitera,583
Mitera,583
Mitera,583
Mitera,583
Mitera,583
Mitera,583
Mitera,583
Mitera,583
Mitera,583
Mitera,583
Mitera,583
Mitera,583
Mitera,583
Mitera,583
Mitera,583
Mitera,583
Mitera,583
Mitera,583
Mitera,583
Mitera,583
Mitera,583
Mitera,583
Mitera,583
Mitera,583
Mitera,583
Mitera,583
Mitera,583
Mitera,583
Mitera,583
Mitera,583
Mitera,583
Mitera,583
Mitera,583
Mitera,583
Mitera,583
Mitera,583
Mitera,583
Mitera,583
Mitera,583
Mitera,583
Mitera,583
Mitera,583
Mitera,583
Mitera,583
Cottinfab,194
Cottinfab,194
Cottinfab,194
Cottinfab,194
Cottinfab,194
Cottinfab,194
Cottinfab,194
Cottinfab,194
Cottinfab,194
Cottinfab,194
Cottinfab,194
Cottinfab,194
Cottinfab,194
Cottinfab,194
Cottinfab,194
Cottinfab,194
Cottinfab,194
Cottinfab,194
Cottinfab,194
Cottinfab,194
Cottinfab,194
Cottinfab,194
Cottinfab,194
Trend Arrest,908
Trend Arrest,908
Trend Arrest,908
Trend Arrest,908
Trend Arrest,908
Trend Arrest,908
Trend Arrest,908
Trend Arrest,908
Trend Arrest,908
Trend Arrest,908
Trend Arrest,908
Trend Arrest,908
Trend Arrest,908
Purple Feather,707
Purple Feather,707
Purple Feather,707
Readiprint Fashions,734
Readiprint Fashions,734
Readiprint Fashions,734
Readiprint Fashions,734
Readiprint Fashions,734
Readiprint Fashions,734
Readiprint Fashions,734
Readiprint Fashions,734
Readiprint Fashions,734
Readiprint Fashions,734
Readiprint Fashions,734
Readiprint Fashions,734
Nayo,618
Nayo,618
Nayo,618
Nayo,618
Nayo,618
Nayo,618
Nayo,618
Nayo,618
Nayo,618
Nayo,618
Nayo,618
Nayo,618
Nayo,618
Nayo,618
Nayo,618
Nayo,618
Nayo,618
Nayo,618
Nayo,618
Nayo,618
Nayo,618
Nayo,618
Nayo,618
Nayo,618
Nayo,618
Nayo,618
Nayo,618
Nayo,618
Nayo,618
Nayo,618
Nayo,618
Nayo,618
Zastraa,1007
Zastraa,1007
Zastraa,1007
Zastraa,1007
Zastraa,1007
Zastraa,1007
Zastraa,1007
Zastraa,1007
Zastraa,1007
Zastraa,1007
Zastraa,1007
Kvsfab,488
Kvsfab,488
Kvsfab,488
Kvsfab,488
Kvsfab,488
Kvsfab,488
Kvsfab,488
Kvsfab,488
Kvsfab,488
Kvsfab,488
Kvsfab,488
Kvsfab,488
Sangria,776
Sangria,776
Sangria,776
Sangria,776
Sangria,776
Sangria,776
Sangria,776
Sangria,776
Sangria,776
Sangria,776
Sangria,776
Sangria,776
Sangria,776
Sangria,776
Sangria,776
Sangria,776
Sangria,776
Sangria,776
Sangria,776
Sangria,776
Sangria,776
Sangria,776
Sangria,776
Sangria,776
Sangria,776
Sangria,776
Sangria,776
Sangria,776
Sangria,776
Sangria,776
Sangria,776
Sangria,776
Sangria,776
Sangria,776
Sangria,776
Sangria,776
Sangria,776
Sangria,776
Sangria,776
Sangria,776
Sangria,776
Sangria,776
Sangria,776
Sangria,776
Sangria,776
Sangria,776
Sangria,776
Sangria,776
Sangria,776
Sangria,776
Sangria,776
Sangria,776
Sangria,776
Sangria,776
Sangria,776
Sangria,776
Sangria,776
Sangria,776
Sangria,776
Sangria,776
Sangria,776
Sangria,776
Sangria,776
Sangria,776
Sangria,776
Sangria,776
Sangria,776
Sangria,776
Sangria,776
Sangria,776
Sangria,776
Sangria,776
Sangria,776
Sangria,776
Sangria,776
Sangria,776
Sangria,776
Sangria,776
Sangria,776
Sangria,776
Sangria,776
Sangria,776
Sangria,776
Sangria,776
Sangria,776
Sangria,776
Sangria,776
Sangria,776
Sangria,776
Sangria,776
Sangria,776
Sangria,776
Sangria,776
Sangria,776
Sangria,776
Sangria,776
Sangria,776
Sangria,776
Sangria,776
Sangria,776
Sangria,776
Sangria,776
Sangria,776
Sangria,776
Berrylush,125
Berrylush,125
Berrylush,125
Berrylush,125
Berrylush,125
Berrylush,125
Berrylush,125
Berrylush,125
Berrylush,125
Berrylush,125
Berrylush,125
Berrylush,125
Berrylush,125
Berrylush,125
Berrylush,125
Berrylush,125
Berrylush,125
Berrylush,125
Berrylush,125
Berrylush,125
Berrylush,125
Berrylush,125
Berrylush,125
Berrylush,125
Berrylush,125
Berrylush,125
Berrylush,125
Berrylush,125
Berrylush,125
Berrylush,125
Berrylush,125
Berrylush,125
Berrylush,125
Berrylush,125
Berrylush,125
Berrylush,125
Berrylush,125
Berrylush,125
Berrylush,125
Berrylush,125
Berrylush,125
Berrylush,125
Berrylush,125
Berrylush,125
Berrylush,125
Berrylush,125
Berrylush,125
Berrylush,125
Berrylush,125
Berrylush,125
Berrylush,125
Berrylush,125
Berrylush,125
Berrylush,125
Berrylush,125
Berrylush,125
Berrylush,125
Berrylush,125
Hangup,354
Hangup,354
Hangup,354
Hangup,354
Hangup,354
Hangup,354
Hangup,354
Marks & Spencer,551
Marks & Spencer,551
Marks & Spencer,551
Marks & Spencer,551
Marks & Spencer,551
Marks & Spencer,551
Marks & Spencer,551
Marks & Spencer,551
Marks & Spencer,551
Marks & Spencer,551
Marks & Spencer,551
Marks & Spencer,551
Marks & Spencer,551
Libas,509
Libas,509
Libas,509
Libas,509
Libas,509
Libas,509
Libas,509
Libas,509
Libas,509
Libas,509
Libas,509
Libas,509
Libas,509
Libas,509
Libas,509
Libas,509
Libas,509
Libas,509
Libas,509
Libas,509
Libas,509
Libas,509
Libas,509
Libas,509
Libas,509
Libas,509
Libas,509
Libas,509
Libas,509
Libas,509
Libas,509
Libas,509
Libas,509
Libas,509
Libas,509
Libas,509
Libas,509
Libas,509
Libas,509
Libas,509
Libas,509
Libas,509
Libas,509
Libas,509
Libas,509
Libas,509
Libas,509
Libas,509
Libas,509
Libas,509
Libas,509
Shaily,801
Shaily,801
Shaily,801
Shaily,801
Shaily,801
Shaily,801
Shaily,801
Shaily,801
Shaily,801
Shaily,801
Shaily,801
Shaily,801
Shaily,801
Shaily,801
Shaily,801
Vishudh,962
Vishudh,962
Vishudh,962
Vishudh,962
Vishudh,962
Vishudh,962
Vishudh,962
Vishudh,962
Vishudh,962
Vishudh,962
Vishudh,962
Vishudh,962
Vishudh,962
Vishudh,962
Vishudh,962
Vishudh,962
Vishudh,962
Vishudh,962
Vishudh,962
Vishudh,962
Vishudh,962
Vishudh,962
Vishudh,962
Vishudh,962
Vishudh,962
Vishudh,962
Vishudh,962
Vishudh,962
Vishudh,962
Vishudh,962
Vishudh,962
Vishudh,962
Vishudh,962
Vishudh,962
Vishudh,962
Vishudh,962
Vishudh,962
Vishudh,962
Vishudh,962
Vishudh,962
Vishudh,962
Vishudh,962
Vishudh,962
Vishudh,962
Vishudh,962
Vishudh,962
Vishudh,962
Vishudh,962
Vishudh,962
Vishudh,962
Vishudh,962
Vishudh,962
Vishudh,962
Vishudh,962
Vishudh,962
Vishudh,962
Vishudh,962
Vishudh,962
Vishudh,962
Vishudh,962
Vishudh,962
Vishudh,962
Vishudh,962
Vishudh,962
Vishudh,962
Vishudh,962
Vishudh,962
Vishudh,962
Vishudh,962
Vishudh,962
Vishudh,962
Vishudh,962
Vishudh,962
Vishudh,962
Vishudh,962
Vishudh,962
Vishudh,962
Vishudh,962
Vishudh,962
Vishudh,962
Vishudh,962
Vishudh,962
Vishudh,962
Vishudh,962
Vishudh,962
Vishudh,962
Vishudh,962
Vishudh,962
Vishudh,962
Vishudh,962
Vishudh,962
Vishudh,962
Vishudh,962
Vishudh,962
Vishudh,962
Vishudh,962
Vishudh,962
Vishudh,962
Vishudh,962
Vishudh,962
Vishudh,962
Vishudh,962
Vishudh,962
Vishudh,962
Vishudh,962
Vishudh,962
Vishudh,962
Vishudh,962
Vishudh,962
Vishudh,962
Vishudh,962
Vishudh,962
Vishudh,962
Vishudh,962
Vishudh,962
Vishudh,962
Vishudh,962
Vishudh,962
Vishudh,962
Vishudh,962
Vishudh,962
Biba,133
Biba,133
Biba,133
Biba,133
Biba,133
Biba,133
Biba,133
Biba,133
Biba,133
Biba,133
Biba,133
Biba,133
Biba,133
Biba,133
Biba,133
Biba,133
Biba,133
Biba,133
Biba,133
Biba,133
Biba,133
Biba,133
Biba,133
Biba,133
Biba,133
Biba,133
Biba,133
Biba,133
Biba,133
Biba,133
Biba,133
Biba,133
Biba,133
Biba,133
Biba,133
Biba,133
Biba,133
Biba,133
Biba,133
Biba,133
Biba,133
Biba,133
Biba,133
Biba,133
Biba,133
Biba,133
Biba,133
Biba,133
Biba,133
Soch,832
Soch,832
Soch,832
Soch,832
Soch,832
Soch,832
Soch,832
Soch,832
Soch,832
Soch,832
Soch,832
Soch,832
Stylum,850
Stylum,850
Stylum,850
Stylum,850
Stylum,850
Stylum,850
Stylum,850
Sweet Dreams,863
W,968
W,968
W,968
W,968
W,968
W,968
W,968
W,968
W,968
W,968
W,968
W,968
W,968
W,968
W,968
W,968
W,968
W,968
W,968
W,968
W,968
W,968
W,968
W,968
W,968
W,968
W,968
W,968
W,968
W,968
W,968
W,968
W,968
W,968
W,968
W,968
W,968
W,968
W,968
W,968
W,968
W,968
W,968
W,968
W,968
W,968
W,968
W,968
W,968
W,968
W,968
W,968
W,968
W,968
Cutiekins,205
Cutiekins,205
Cutiekins,205
Cutiekins,205
Cutiekins,205
Cutiekins,205
Cutiekins,205
Cutiekins,205
Cutiekins,205
Cutiekins,205
Cutiekins,205
Cutiekins,205
Style Quotient,845
Style Quotient,845
Style Quotient,845
Style Quotient,845
Style Quotient,845
Style Quotient,845
Style Quotient,845
Style Quotient,845
Style Quotient,845
Style Quotient,845
Style Quotient,845
Style Quotient,845
Style Quotient,845
Style Quotient,845
Style Quotient,845
Style Quotient,845
Style Quotient,845
Style Quotient,845
Style Quotient,845
Style Quotient,845
Style Quotient,845
Style Quotient,845
Style Quotient,845
Style Quotient,845
Style Quotient,845
Style Quotient,845
Style Quotient,845
Style Quotient,845
Style Quotient,845
Style Quotient,845
Style Quotient,845
Style Quotient,845
Style Quotient,845
Ahalyaa,37
Ahalyaa,37
Ahalyaa,37
Ahalyaa,37
Ahalyaa,37
Ahalyaa,37
Ahalyaa,37
Ahalyaa,37
Ahalyaa,37
Ahalyaa,37
Ahalyaa,37
Ahalyaa,37
Ahalyaa,37
Ahalyaa,37
Ahalyaa,37
Ahalyaa,37
Ahalyaa,37
Ahalyaa,37
Ahalyaa,37
98 Degree North,7
98 Degree North,7
98 Degree North,7
98 Degree North,7
98 Degree North,7
Jaipur Kurti,418
Jaipur Kurti,418
Jaipur Kurti,418
Jaipur Kurti,418
Jaipur Kurti,418
Jaipur Kurti,418
Jaipur Kurti,418
Jaipur Kurti,418
Jaipur Kurti,418
Jaipur Kurti,418
Jaipur Kurti,418
Jaipur Kurti,418
Jaipur Kurti,418
Jaipur Kurti,418
Jaipur Kurti,418
Jaipur Kurti,418
Jaipur Kurti,418
Jaipur Kurti,418
Jaipur Kurti,418
Jaipur Kurti,418
Jaipur Kurti,418
Jaipur Kurti,418
Jaipur Kurti,418
Jaipur Kurti,418
Jaipur Kurti,418
Jaipur Kurti,418
Jaipur Kurti,418
Jaipur Kurti,418
Jaipur Kurti,418
Jaipur Kurti,418
Jaipur Kurti,418
Jaipur Kurti,418
Mast & Harbour,554
Mast & Harbour,554
Mast & Harbour,554
Mast & Harbour,554
Mast & Harbour,554
Mast & Harbour,554
Mast & Harbour,554
Mast & Harbour,554
Mast & Harbour,554
Mast & Harbour,554
Mast & Harbour,554
Mast & Harbour,554
Mast & Harbour,554
Mast & Harbour,554
Mast & Harbour,554
Mast & Harbour,554
Mast & Harbour,554
Mast & Harbour,554
Mast & Harbour,554
Mast & Harbour,554
Mast & Harbour,554
Mast & Harbour,554
Mast & Harbour,554
Mast & Harbour,554
Mast & Harbour,554
Mast & Harbour,554
Mast & Harbour,554
Mast & Harbour,554
Mast & Harbour,554
Mast & Harbour,554
Mast & Harbour,554
Mast & Harbour,554
Mast & Harbour,554
Mast & Harbour,554
Mast & Harbour,554
Mast & Harbour,554
Mast & Harbour,554
Mast & Harbour,554
Mast & Harbour,554
Mast & Harbour,554
Mast & Harbour,554
Mast & Harbour,554
Mast & Harbour,554
Mast & Harbour,554
Mast & Harbour,554
Mast & Harbour,554
Mast & Harbour,554
Mast & Harbour,554
Mast & Harbour,554
Mast & Harbour,554
Mast & Harbour,554
Mast & Harbour,554
Mast & Harbour,554
Mast & Harbour,554
Mast & Harbour,554
Mast & Harbour,554
Mast & Harbour,554
Mast & Harbour,554
Mast & Harbour,554
Mast & Harbour,554
Mast & Harbour,554
Mast & Harbour,554
Mast & Harbour,554
Mast & Harbour,554
Mast & Harbour,554
Mast & Harbour,554
Mast & Harbour,554
Mast & Harbour,554
Mast & Harbour,554
Mast & Harbour,554
Mast & Harbour,554
Mast & Harbour,554
Mast & Harbour,554
Mast & Harbour,554
Mast & Harbour,554
Mast & Harbour,554
Purple State,708
Purple State,708
Purple State,708
Purple State,708
Purple State,708
Purple State,708
Purple State,708
Popwings,692
Popwings,692
Popwings,692
Popwings,692
Popwings,692
Van Heusen Woman,943
Van Heusen Woman,943
Van Heusen Woman,943
Van Heusen Woman,943
Van Heusen Woman,943
Van Heusen Woman,943
Van Heusen Woman,943
Van Heusen Woman,943
Van Heusen Woman,943
Van Heusen Woman,943
Popnetic,691
Popnetic,691
Popnetic,691
Popnetic,691
Popnetic,691
Popnetic,691
Popnetic,691
Popnetic,691
Popnetic,691
Popnetic,691
Ives,413
Ives,413
Ives,413
Ives,413
Ives,413
M&H Easy,530
M&H Easy,530
M&H Easy,530
M&H Easy,530
M&H Easy,530
M&H Easy,530
M&H Easy,530
M&H Easy,530
M&H Easy,530
M&H Easy,530
Espresso,258
Espresso,258
Espresso,258
Espresso,258
Espresso,258
Espresso,258
Espresso,258
Varanga,945
Varanga,945
Varanga,945
Varanga,945
Varanga,945
Varanga,945
Varanga,945
Varanga,945
Varanga,945
Varanga,945
Varanga,945
Varanga,945
Varanga,945
Varanga,945
Varanga,945
Varanga,945
Varanga,945
Varanga,945
Varanga,945
Varanga,945
Varanga,945
Varanga,945
Varanga,945
Varanga,945
Varanga,945
Varanga,945
Varanga,945
Varanga,945
Varanga,945
Varanga,945
Varanga,945
Varanga,945
Varanga,945
Varanga,945
Varanga,945
Varanga,945
Varanga,945
Varanga,945
Varanga,945
Varanga,945
Varanga,945
Varanga,945
Varanga,945
Varanga,945
Varanga,945
Varanga,945
Varanga,945
Varanga,945
Varanga,945
Varanga,945
Varanga,945
Varanga,945
Varanga,945
Varanga,945
Varanga,945
Varanga,945
Varanga,945
Varanga,945
Varanga,945
Varanga,945
Varanga,945
Chkokko,176
Chkokko,176
Chkokko,176
Chkokko,176
Chkokko,176
Chkokko,176
Chkokko,176
Chkokko,176
Chkokko,176
Chkokko,176
Chkokko,176
My Little Lambs,603
My Little Lambs,603
My Little Lambs,603
My Little Lambs,603
My Little Lambs,603
My Little Lambs,603
Alaya By Stage3,46
Slazenger,829
Slazenger,829
The Souled Store,890
The Souled Store,890
Fashion Basket,287
Fashion Basket,287
Fashion Basket,287
Fashion Basket,287
Fashion Basket,287
Zink London,1014
Zink London,1014
Zink London,1014
Zink London,1014
Zink London,1014
Zink London,1014
Zink London,1014
Zink London,1014
Zink London,1014
Zink London,1014
M&H Juniors,531
M&H Juniors,531
Oxolloxo,660
Oxolloxo,660
Oxolloxo,660
Oxolloxo,660
Oxolloxo,660
Oxolloxo,660
Oxolloxo,660
Oxolloxo,660
Oxolloxo,660
Oxolloxo,660
Oxolloxo,660
Oxolloxo,660
Oxolloxo,660
Oxolloxo,660
Oxolloxo,660
Oxolloxo,660
Oxolloxo,660
Oxolloxo,660
Oxolloxo,660
Oxolloxo,660
Oxolloxo,660
Oxolloxo,660
Oxolloxo,660
Oxolloxo,660
Oxolloxo,660
Rute,760
Rute,760
Rute,760
Rute,760
Rute,760
Rute,760
Rute,760
Rute,760
Rute,760
Rute,760
Rute,760
Rute,760
Rute,760
Rute,760
Rute,760
Rute,760
Rute,760
Rute,760
Rute,760
Rute,760
Rute,760
Rute,760
Bhama Couture,131
Bhama Couture,131
Bhama Couture,131
Bhama Couture,131
Bhama Couture,131
Bhama Couture,131
Bhama Couture,131
Bhama Couture,131
Bhama Couture,131
Bhama Couture,131
Bhama Couture,131
Bhama Couture,131
Bhama Couture,131
Bhama Couture,131
Bhama Couture,131
Bhama Couture,131
Bhama Couture,131
Bhama Couture,131
Bhama Couture,131
Bhama Couture,131
Bhama Couture,131
Bhama Couture,131
Bhama Couture,131
Bhama Couture,131
Bhama Couture,131
Bhama Couture,131
Bhama Couture,131
Bhama Couture,131
Bhama Couture,131
Bhama Couture,131
Bhama Couture,131
Bhama Couture,131
Bhama Couture,131
Bhama Couture,131
Bhama Couture,131
Bhama Couture,131
Bhama Couture,131
Bhama Couture,131
Bhama Couture,131
Bhama Couture,131
Bhama Couture,131
Bhama Couture,131
Bhama Couture,131
Bhama Couture,131
Bhama Couture,131
Blissta,141
Blissta,141
Blissta,141
Blissta,141
Vero Moda,958
Vero Moda,958
Vero Moda,958
Vero Moda,958
Vero Moda,958
Vero Moda,958
Vero Moda,958
Vero Moda,958
Vero Moda,958
Vero Moda,958
Vero Moda,958
Vero Moda,958
Vero Moda,958
Vero Moda,958
Vero Moda,958
Vero Moda,958
Vero Moda,958
Vero Moda,958
Vero Moda,958
Vero Moda,958
Vero Moda,958
Vero Moda,958
Vero Moda,958
Vero Moda,958
Vero Moda,958
Vero Moda,958
Vero Moda,958
Vero Moda,958
Vero Moda,958
Vero Moda,958
Vero Moda,958
Vero Moda,958
Vero Moda,958
Vero Moda,958
Vero Moda,958
Vero Moda,958
Vero Moda,958
Vero Moda,958
Vero Moda,958
Vero Moda,958
Veni Vidi Vici,956
Veni Vidi Vici,956
Veni Vidi Vici,956
Veni Vidi Vici,956
Veni Vidi Vici,956
Veni Vidi Vici,956
Veni Vidi Vici,956
Veni Vidi Vici,956
Veni Vidi Vici,956
Veni Vidi Vici,956
Angel & Rocket,70
Satrani,784
Satrani,784
Satrani,784
Satrani,784
Orchid Blues,653
Orchid Blues,653
Orchid Blues,653
Orchid Blues,653
Orchid Blues,653
Orchid Blues,653
Orchid Blues,653
Orchid Blues,653
Orchid Blues,653
Orchid Blues,653
Orchid Blues,653
Orchid Blues,653
Miss Chase,579
Miss Chase,579
Miss Chase,579
Miss Chase,579
Miss Chase,579
Miss Chase,579
Miss Chase,579
Miss Chase,579
Miss Chase,579
Miss Chase,579
Miss Chase,579
Miss Chase,579
Miss Chase,579
Miss Chase,579
Miss Chase,579
Miss Chase,579
Miss Chase,579
Miss Chase,579
Miss Chase,579
Miss Chase,579
Miss Chase,579
Miss Chase,579
Miss Chase,579
Miss Chase,579
Miss Chase,579
Miss Chase,579
Miss Chase,579
Miss Chase,579
Miss Chase,579
Miss Chase,579
Miss Chase,579
Miss Chase,579
Miss Chase,579
Miss Chase,579
Miss Chase,579
Miss Chase,579
Miss Chase,579
Miss Chase,579
Miss Chase,579
Miss Chase,579
Miss Chase,579
Miss Chase,579
Miss Chase,579
Miss Chase,579
Miss Chase,579
Miss Chase,579
Miss Chase,579
Puma,706
Puma,706
Puma,706
Puma,706
Puma,706
Puma,706
Puma,706
Puma,706
Puma,706
Pashtush,674
Pashtush,674
Harpa,356
Harpa,356
Harpa,356
Harpa,356
Harpa,356
Harpa,356
Harpa,356
Harpa,356
Harpa,356
Harpa,356
Harpa,356
Harpa,356
Harpa,356
Harpa,356
Harpa,356
Harpa,356
Harpa,356
Harpa,356
Harpa,356
Harpa,356
Harpa,356
Harpa,356
Harpa,356
Myshka,604
Myshka,604
Myshka,604
Myshka,604
Myshka,604
Myshka,604
Myshka,604
Myshka,604
Myshka,604
Myshka,604
Myshka,604
Myshka,604
Myshka,604
Myshka,604
Myshka,604
Myshka,604
Myshka,604
Myshka,604
Ayaany,104
Ayaany,104
Ayaany,104
Ayaany,104
Ayaany,104
Ayaany,104
Ayaany,104
High Star,365
High Star,365
High Star,365
High Star,365
High Star,365
High Star,365
High Star,365
High Star,365
High Star,365
High Star,365
High Star,365
High Star,365
High Star,365
High Star,365
High Star,365
High Star,365
High Star,365
High Star,365
High Star,365
High Star,365
High Star,365
High Star,365
High Star,365
High Star,365
High Star,365
High Star,365
High Star,365
High Star,365
High Star,365
High Star,365
High Star,365
High Star,365
High Star,365
High Star,365
High Star,365
High Star,365
High Star,365
High Star,365
High Star,365
High Star,365
High Star,365
High Star,365
High Star,365
High Star,365
High Star,365
High Star,365
High Star,365
High Star,365
High Star,365
High Star,365
High Star,365
High Star,365
High Star,365
High Star,365
High Star,365
Forever New,314
Forever New,314
Forever New,314
Next One,627
Indo Era,397
Indo Era,397
Indo Era,397
Indo Era,397
Indo Era,397
Indo Era,397
Indo Era,397
Indo Era,397
Indo Era,397
Indo Era,397
Indo Era,397
Indo Era,397
Indo Era,397
Indo Era,397
Indo Era,397
Indo Era,397
Indo Era,397
Indo Era,397
Indo Era,397
Indo Era,397
Indo Era,397
Indo Era,397
Indo Era,397
Indo Era,397
Indo Era,397
Indo Era,397
Indo Era,397
Indo Era,397
Indo Era,397
Indo Era,397
Indo Era,397
Indo Era,397
Indo Era,397
Indo Era,397
Indo Era,397
Indo Era,397
Indo Era,397
Indo Era,397
Indo Era,397
Indo Era,397
Indo Era,397
Indo Era,397
Indo Era,397
Indo Era,397
Indo Era,397
Indo Era,397
Indo Era,397
Indo Era,397
Indo Era,397
Indo Era,397
Indo Era,397
Bewakoof,130
Apratim,84
Rajnandini,726
Rajnandini,726
Rajnandini,726
Rajnandini,726
Rajnandini,726
Rajnandini,726
Rajnandini,726
Rajnandini,726
Rajnandini,726
Rajnandini,726
Rajnandini,726
Rajnandini,726
Rajnandini,726
Rajnandini,726
Rajnandini,726
Clora Creation,179
Clora Creation,179
Clora Creation,179
Clora Creation,179
Clora Creation,179
Clora Creation,179
Clora Creation,179
Clora Creation,179
Clora Creation,179
Clora Creation,179
Clora Creation,179
Clora Creation,179
Clora Creation,179
Clora Creation,179
Clora Creation,179
Clora Creation,179
Clora Creation,179
Clora Creation,179
Clora Creation,179
Clora Creation,179
Clora Creation,179
Clora Creation,179
Clora Creation,179
Clora Creation,179
Clora Creation,179
Clora Creation,179
Clora Creation,179
Clora Creation,179
Clora Creation,179
Clora Creation,179
Clora Creation,179
Clora Creation,179
Clora Creation,179
Clora Creation,179
Clora Creation,179
Clora Creation,179
Clora Creation,179
Clora Creation,179
Clora Creation,179
Clora Creation,179
Clora Creation,179
Clora Creation,179
Clora Creation,179
Clora Creation,179
Clora Creation,179
Clora Creation,179
Clora Creation,179
Clora Creation,179
Clora Creation,179
Clora Creation,179
Clora Creation,179
Clora Creation,179
Clora Creation,179
Clora Creation,179
Clora Creation,179
Clora Creation,179
Clora Creation,179
Clora Creation,179
Clora Creation,179
Clora Creation,179
Clora Creation,179
Clora Creation,179
Clora Creation,179
Clora Creation,179
Clora Creation,179
Clora Creation,179
Clora Creation,179
Clora Creation,179
Clora Creation,179
Clora Creation,179
Clora Creation,179
Clora Creation,179
Clora Creation,179
Clora Creation,179
Clora Creation,179
Clora Creation,179
Clora Creation,179
Clora Creation,179
Clora Creation,179
Clora Creation,179
Clora Creation,179
Clora Creation,179
Clora Creation,179
Clora Creation,179
Clora Creation,179
Clora Creation,179
Clora Creation,179
Clora Creation,179
Clora Creation,179
Clora Creation,179
Clora Creation,179
Clora Creation,179
Clora Creation,179
Clora Creation,179
Clora Creation,179
Clora Creation,179
Clora Creation,179
Clora Creation,179
Clora Creation,179
Clora Creation,179
Clora Creation,179
Clora Creation,179
Pashmoda,673
Pashmoda,673
Pashmoda,673
Pashmoda,673
Pashmoda,673
Pashmoda,673
Pashmoda,673
Pashmoda,673
Pashmoda,673
Pashmoda,673
Pashmoda,673
Pashmoda,673
Pashmoda,673
Ishin,408
Ishin,408
Ishin,408
Ishin,408
Ishin,408
Ishin,408
Ishin,408
Ishin,408
Ishin,408
Ishin,408
Ishin,408
Ishin,408
Ishin,408
Ishin,408
Ishin,408
Ishin,408
Ishin,408
Ishin,408
Flying Machine,309
Flying Machine,309
Flying Machine,309
Flying Machine,309
Flying Machine,309
Flying Machine,309
Flying Machine,309
Flying Machine,309
Flying Machine,309
Flying Machine,309
Flying Machine,309
Flying Machine,309
Flying Machine,309
Flying Machine,309
Flying Machine,309
Flying Machine,309
Flying Machine,309
Flying Machine,309
Flying Machine,309
Flying Machine,309
Flying Machine,309
Flying Machine,309
Flying Machine,309
Flying Machine,309
Flying Machine,309
Flying Machine,309
Flying Machine,309
Flying Machine,309
Flying Machine,309
Flying Machine,309
Flying Machine,309
Flying Machine,309
Flying Machine,309
Flying Machine,309
Leather Retail,504
Leather Retail,504
Leather Retail,504
Chhabra 555,173
Chhabra 555,173
Chhabra 555,173
Chhabra 555,173
Chhabra 555,173
Chhabra 555,173
Chhabra 555,173
Chhabra 555,173
Chhabra 555,173
Chhabra 555,173
Chhabra 555,173
Chhabra 555,173
Chhabra 555,173
Juniper,439
Juniper,439
Juniper,439
Juniper,439
Juniper,439
Juniper,439
Juniper,439
Juniper,439
Juniper,439
Juniper,439
Juniper,439
Juniper,439
Juniper,439
Juniper,439
Juniper,439
Juniper,439
Juniper,439
Juniper,439
Juniper,439
Juniper,439
Juniper,439
Juniper,439
Juniper,439
Juniper,439
Juniper,439
Juniper,439
Juniper,439
Juniper,439
Virah Fashion,960
Mameraa,543
Mameraa,543
Mameraa,543
Mameraa,543
20Dresses,3
20Dresses,3
20Dresses,3
20Dresses,3
20Dresses,3
20Dresses,3
20Dresses,3
20Dresses,3
Antheaa,77
Antheaa,77
Antheaa,77
Antheaa,77
Antheaa,77
Antheaa,77
Antheaa,77
Antheaa,77
Antheaa,77
Antheaa,77
Antheaa,77
Antheaa,77
Antheaa,77
Antheaa,77
Antheaa,77
Deewa,214
Deewa,214
Deewa,214
Deewa,214
Deewa,214
Deewa,214
Moda Rapido,587
Moda Rapido,587
Moda Rapido,587
Moda Rapido,587
Moda Rapido,587
Moda Rapido,587
Moda Rapido,587
Moda Rapido,587
Moda Rapido,587
Moda Rapido,587
Moda Rapido,587
Moda Rapido,587
Moda Rapido,587
Moda Rapido,587
Moda Rapido,587
Moda Rapido,587
Levis,507
Levis,507
Levis,507
Levis,507
Levis,507
Levis,507
Levis,507
Levis,507
Levis,507
Levis,507
Levis,507
Levis,507
Levis,507
Levis,507
Levis,507
Levis,507
Levis,507
Levis,507
Levis,507
Levis,507
Levis,507
Levis,507
Levis,507
Levis,507
Levis,507
Darzi,207
Darzi,207
Darzi,207
Darzi,207
Darzi,207
Darzi,207
Darzi,207
Darzi,207
The Pink Moon,887
The Pink Moon,887
The Pink Moon,887
Tikhi Imli,897
Tikhi Imli,897
Tikhi Imli,897
Tikhi Imli,897
Tikhi Imli,897
Tikhi Imli,897
Tikhi Imli,897
Tikhi Imli,897
Tikhi Imli,897
Tikhi Imli,897
Tikhi Imli,897
Tikhi Imli,897
513,1
513,1
Nike,631
Nike,631
Nike,631
Bitterlime,136
Bitterlime,136
Bitterlime,136
Bitterlime,136
Bitterlime,136
Bitterlime,136
Bitterlime,136
Bitterlime,136
Bitterlime,136
Bitterlime,136
Bitterlime,136
Campus Sutra,162
Campus Sutra,162
Campus Sutra,162
Campus Sutra,162
Campus Sutra,162
Campus Sutra,162
Campus Sutra,162
Campus Sutra,162
Campus Sutra,162
Campus Sutra,162
Campus Sutra,162
Campus Sutra,162
Campus Sutra,162
Campus Sutra,162
Campus Sutra,162
Campus Sutra,162
Campus Sutra,162
Campus Sutra,162
Campus Sutra,162
Campus Sutra,162
Campus Sutra,162
Campus Sutra,162
Campus Sutra,162
Campus Sutra,162
Campus Sutra,162
Campus Sutra,162
Campus Sutra,162
Campus Sutra,162
Campus Sutra,162
Campus Sutra,162
Campus Sutra,162
Campus Sutra,162
Campus Sutra,162
Campus Sutra,162
Campus Sutra,162
Harvard,357
Harvard,357
Harvard,357
Harvard,357
Harvard,357
Harvard,357
Harvard,357
Harvard,357
Harvard,357
Harvard,357
Harvard,357
Harvard,357
Harvard,357
Harvard,357
Harvard,357
Harvard,357
Harvard,357
Harvard,357
Harvard,357
Harvard,357
Harvard,357
Harvard,357
Harvard,357
Harvard,357
Harvard,357
Harvard,357
Zigo,1011
Zigo,1011
Zigo,1011
Zigo,1011
Zigo,1011
Zigo,1011
Zigo,1011
Mayra,557
Mayra,557
Mayra,557
Mayra,557
Mayra,557
Mayra,557
Mayra,557
Mayra,557
Mayra,557
Mayra,557
Mayra,557
Mayra,557
Mayra,557
Mayra,557
Mayra,557
Mayra,557
Mayra,557
Mayra,557
V&M,936
V&M,936
Ira Soleil,405
Ira Soleil,405
Ira Soleil,405
Ira Soleil,405
Ira Soleil,405
Ira Soleil,405
Ira Soleil,405
Ira Soleil,405
Ira Soleil,405
Safaa,767
Safaa,767
Safaa,767
Safaa,767
Safaa,767
Safaa,767
Global Desi,336
Global Desi,336
Global Desi,336
Global Desi,336
Global Desi,336
Global Desi,336
Global Desi,336
Global Desi,336
Global Desi,336
Global Desi,336
Global Desi,336
Global Desi,336
Global Desi,336
Global Desi,336
Global Desi,336
Global Desi,336
Global Desi,336
Global Desi,336
Global Desi,336
Global Desi,336
Global Desi,336
Global Desi,336
Global Desi,336
Global Desi,336
Global Desi,336
Global Desi,336
Global Desi,336
Global Desi,336
Global Desi,336
Global Desi,336
Global Desi,336
Global Desi,336
Global Desi,336
Global Desi,336
Global Desi,336
Global Desi,336
Global Desi,336
Global Desi,336
Global Desi,336
Jockey,431
Jockey,431
Jockey,431
Jockey,431
Jockey,431
Jockey,431
Warthy Ent,969
Rang Gali,727
Rang Gali,727
Rang Gali,727
Rang Gali,727
Hypernation,381
Hypernation,381
Hypernation,381
Hypernation,381
Hypernation,381
Hypernation,381
Hypernation,381
Hypernation,381
Hypernation,381
Hypernation,381
Hypernation,381
Hypernation,381
Femella,296
Femella,296
Vbuyz,952
Vbuyz,952
Vbuyz,952
Vbuyz,952
Vbuyz,952
Janasya,421
Janasya,421
Janasya,421
Janasya,421
Janasya,421
Janasya,421
Janasya,421
Janasya,421
Janasya,421
Janasya,421
Janasya,421
Janasya,421
Janasya,421
Janasya,421
Janasya,421
Janasya,421
Janasya,421
Janasya,421
Janasya,421
Janasya,421
Janasya,421
Janasya,421
Janasya,421
U&F,921
U&F,921
U&F,921
U&F,921
U&F,921
U&F,921
U&F,921
U&F,921
U&F,921
U&F,921
U&F,921
U&F,921
U&F,921
U&F,921
U&F,921
U&F,921
U&F,921
U&F,921
U&F,921
Madame,534
Madame,534
Madame,534
Madame,534
Domyos By Decathlon,232
Samsara Couture,773
Get Wrapped,330
Get Wrapped,330
Get Wrapped,330
Get Wrapped,330
Get Wrapped,330
Swtantra,865
Swtantra,865
Uptownie Lite,930
Uptownie Lite,930
Uptownie Lite,930
Uptownie Lite,930
Uptownie Lite,930
Uptownie Lite,930
Uptownie Lite,930
Uptownie Lite,930
Uptownie Lite,930
Uptownie Lite,930
Uptownie Lite,930
Uptownie Lite,930
Uptownie Lite,930
Paralians,668
Paralians,668
Paralians,668
Paralians,668
Paralians,668
Paralians,668
Paralians,668
Nifty,630
Nifty,630
Luni,526
Luni,526
Suta,858
Suta,858
Suta,858
Suta,858
Suta,858
Suta,858
Suta,858
Suta,858
Suta,858
Suta,858
Suta,858
Suta,858
Suta,858
Suta,858
Suta,858
Suta,858
Suta,858
Suta,858
Suta,858
Suta,858
Suta,858
Suta,858
Suta,858
Aayna,22
Aayna,22
Aayna,22
Aayna,22
Arhi,86
Aarika,16
Aarika,16
Aarika,16
Aarika,16
Aarika,16
Aarika,16
Aarika,16
Friskers,323
Friskers,323
Friskers,323
Friskers,323
Friskers,323
Friskers,323
Bannos Swagger,114
Monte Carlo,595
Monte Carlo,595
Monte Carlo,595
Monte Carlo,595
Monte Carlo,595
Monte Carlo,595
Tiara,896
Rain & Rainbow,722
Rain & Rainbow,722
Rain & Rainbow,722
Rain & Rainbow,722
Rain & Rainbow,722
Rain & Rainbow,722
Rain & Rainbow,722
Rain & Rainbow,722
Kappa,451
Ethnic Junction,260
Ethnic Junction,260
Ethnic Junction,260
Sztori,866
Sztori,866
Sztori,866
Sztori,866
Sztori,866
Sztori,866
Sztori,866
Sztori,866
Sztori,866
Sztori,866
Sztori,866
Sztori,866
Sztori,866
Sztori,866
Sztori,866
Sztori,866
Sztori,866
Sztori,866
Sztori,866
Sztori,866
Charukriti,170
Zivame,1017
Zivame,1017
Desi Weavess,217
Desi Weavess,217
Desi Weavess,217
Desi Weavess,217
Desi Weavess,217
Jinfo,430
Jinfo,430
Label Ritu Kumar,496
Shaftesbury London,800
Shaftesbury London,800
Shaftesbury London,800
Rustorange,759
Rustorange,759
Belle Fille,122
Belle Fille,122
Belle Fille,122
Belle Fille,122
Belle Fille,122
Belle Fille,122
Belle Fille,122
Belle Fille,122
Belle Fille,122
Belle Fille,122
Belle Fille,122
Belle Fille,122
Belle Fille,122
Belle Fille,122
Belle Fille,122
Belle Fille,122
Belle Fille,122
Belle Fille,122
Belle Fille,122
Belle Fille,122
Belle Fille,122
Belle Fille,122
Belle Fille,122
Belle Fille,122
Belle Fille,122
The Dry State,882
The Dry State,882
The Dry State,882
The Dry State,882
The Dry State,882
The Dry State,882
The Dry State,882
The Dry State,882
The Dry State,882
The Dry State,882
The Dry State,882
Camey,160
Camey,160
Qurvii,717
Qurvii,717
Qurvii,717
Qurvii,717
Qurvii,717
Fabindia,278
Fabindia,278
Fabindia,278
Fabindia,278
Fabindia,278
Fabindia,278
Fabindia,278
Fabindia,278
Fabindia,278
Fabindia,278
Fabindia,278
Fabindia,278
Fabindia,278
Fabindia,278
Woods,986
Saadgi,762
Saadgi,762
Saadgi,762
Saadgi,762
Saadgi,762
Saadgi,762
Saadgi,762
Saadgi,762
Saadgi,762
Kook N Keech Disney,478
Kook N Keech Disney,478
Kook N Keech Disney,478
Kook N Keech Disney,478
Kook N Keech Disney,478
Kook N Keech Disney,478
Kook N Keech Disney,478
Ruhaans,758
Ruhaans,758
Ruhaans,758
Kalt,446
Kalt,446
Kalt,446
Kalt,446
Kalt,446
Kalt,446
Kalt,446
Kalt,446
Kalt,446
Kalt,446
Kalt,446
Kalt,446
Kalt,446
Karigari,454
Karigari,454
Karigari,454
Just Wow,441
Just Wow,441
Just Wow,441
Just Wow,441
Just Wow,441
Just Wow,441
Just Wow,441
Just Wow,441
Just Wow,441
Just Wow,441
Bossini,146
Bossini,146
Bossini,146
Sugr,853
Sugr,853
Sugr,853
Sugr,853
Sugr,853
Femme Luxe,297
Yufta,998
Yufta,998
Yufta,998
Yufta,998
Yufta,998
Yufta,998
Yufta,998
Yufta,998
Prakhya,699
Prakhya,699
Prakhya,699
Yuris,999
Yuris,999
Yuris,999
Yuris,999
Yuris,999
Yuris,999
Yuris,999
Yuris,999
Yuris,999
Yuris,999
Yuris,999
Prakrti,700
Prakrti,700
Prakrti,700
Prakrti,700
Prakrti,700
Nautica,615
Nautica,615
Nautica,615
Nautica,615
Nautica,615
Nautica,615
Molcha,592
Molcha,592
Molcha,592
Molcha,592
Molcha,592
Kraus Jeans,484
Kraus Jeans,484
Kraus Jeans,484
Kraus Jeans,484
Kraus Jeans,484
De Moza,208
Tissu,900
Tissu,900
Tissu,900
Tissu,900
Tissu,900
Tissu,900
Tissu,900
Meeranshi,562
Meeranshi,562
Meeranshi,562
Meeranshi,562
Meeranshi,562
Trendyol,910
Trendyol,910
Trendyol,910
Trendyol,910
Missguided,581
Missguided,581
Missguided,581
Missguided,581
Missguided,581
Missguided,581
Missguided,581
Missguided,581
Missguided,581
Missguided,581
Missguided,581
Missguided,581
Missguided,581
Missguided,581
Carlton London,165
Carlton London,165
Carlton London,165
Carlton London,165
Silk Land,821
Silk Land,821
Silk Land,821
Silk Land,821
Silk Land,821
Silk Land,821
Silk Land,821
Silk Land,821
Silk Land,821
Silk Land,821
Silk Land,821
Karmic Vision,455
Karmic Vision,455
Divena,225
Divena,225
Divena,225
Divena,225
Divena,225
Divena,225
Divena,225
Off Label,642
Off Label,642
Off Label,642
Off Label,642
Rigo,744
Rigo,744
Rigo,744
Rigo,744
Rigo,744
Rigo,744
Rigo,744
Rigo,744
Rigo,744
Saffron Threads,768
Saffron Threads,768
Saffron Threads,768
Saffron Threads,768
Saffron Threads,768
Saffron Threads,768
Saffron Threads,768
Saffron Threads,768
Saffron Threads,768
Saffron Threads,768
Saffron Threads,768
Saffron Threads,768
Slenor,830
Slenor,830
People,676
People,676
People,676
People,676
People,676
People,676
People,676
People,676
People,676
People,676
People,676
People,676
People,676
People,676
People,676
People,676
People,676
People,676
People,676
People,676
People,676
People,676
People,676
People,676
People,676
People,676
People,676
People,676
People,676
People,676
People,676
People,676
People,676
People,676
People,676
People,676
People,676
People,676
People,676
People,676
People,676
People,676
People,676
People,676
People,676
People,676
People,676
Okane,646
Span,836
Span,836
Magnetic Designs,538
Magnetic Designs,538
Magnetic Designs,538
Magnetic Designs,538
Magnetic Designs,538
Magnetic Designs,538
Martini,552
Martini,552
Martini,552
Martini,552
Rangriti,730
Rangriti,730
Rangriti,730
Rangriti,730
Rangriti,730
Rangriti,730
Latin Quarters,501
Latin Quarters,501
Latin Quarters,501
Latin Quarters,501
Latin Quarters,501
Latin Quarters,501
A.T.U.N.,10
A.T.U.N.,10
A.T.U.N.,10
A.T.U.N.,10
A.T.U.N.,10
A.T.U.N.,10
Foreign Culture By Fort Collins,312
Foreign Culture By Fort Collins,312
Studio Shringaar,843
Studio Shringaar,843
Studio Shringaar,843
Studio Shringaar,843
Studio Shringaar,843
Studio Shringaar,843
Studio Shringaar,843
Studio Shringaar,843
Studio Shringaar,843
Studio Shringaar,843
Studio Shringaar,843
Studio Shringaar,843
Studio Shringaar,843
Studio Shringaar,843
Studio Shringaar,843
Kazo,459
Kazo,459
Kazo,459
Kazo,459
Kazo,459
Kazo,459
Kazo,459
Kazo,459
Kazo,459
Superminis,856
N-Gal,628
N-Gal,628
N-Gal,628
N-Gal,628
Amante,55
Amante,55
Lakshita,499
Kook N Keech Marvel,481
Kook N Keech Marvel,481
Eavan,244
Eavan,244
Huetrap,379
Huetrap,379
M&H Our Water,532
M&H Our Water,532
Wuxi,988
Netram,624
Netram,624
Netram,624
Netram,624
Netram,624
Netram,624
Netram,624
Rue Collection,757
Cherokee,172
Cherokee,172
Cherokee,172
Cherokee,172
Crimsoune Club,199
Crimsoune Club,199
Selvia,791
Kook N Keech,477
Kook N Keech,477
Kook N Keech,477
Kook N Keech,477
Kook N Keech,477
Kook N Keech,477
Kook N Keech,477
Kook N Keech,477
Kook N Keech,477
Kook N Keech,477
Kook N Keech,477
Kook N Keech,477
Kook N Keech,477
Pothys,696
Pothys,696
Alcis,48
Alcis,48
Alcis,48
Alcis,48
Alcis,48
Alcis,48
Alcis,48
Alcis,48
River Of Design Jeans,748
River Of Design Jeans,748
River Of Design Jeans,748
River Of Design Jeans,748
River Of Design Jeans,748
Os,656
Mafadeny,535
Mafadeny,535
Mafadeny,535
Mafadeny,535
Mafadeny,535
Mafadeny,535
Mafadeny,535
Mafadeny,535
Mafadeny,535
Mafadeny,535
Mafadeny,535
Mafadeny,535
La Zoire,491
La Zoire,491
La Zoire,491
Anahi,64
Marie Claire,549
Marie Claire,549
Marie Claire,549
Marie Claire,549
Marie Claire,549
Marie Claire,549
Marie Claire,549
Globus,337
Globus,337
Globus,337
Globus,337
Globus,337
Globus,337
Globus,337
Globus,337
Globus,337
Grancy,343
Grancy,343
Woodland,985
Woodland,985
The Vanca,891
The Vanca,891
The Vanca,891
The Vanca,891
The Vanca,891
The Vanca,891
Hopscotch,371
Sugathari,852
Sugathari,852
Sugathari,852
Sugathari,852
Alena,49
Miaz Lifestyle,568
Miaz Lifestyle,568
Miaz Lifestyle,568
Miaz Lifestyle,568
Miaz Lifestyle,568
Miaz Lifestyle,568
Miaz Lifestyle,568
Miaz Lifestyle,568
Miaz Lifestyle,568
Miaz Lifestyle,568
Miaz Lifestyle,568
Miaz Lifestyle,568
Revolution,742
Revolution,742
Revolution,742
Revolution,742
Revolution,742
Revolution,742
Revolution,742
Revolution,742
Revolution,742
Revolution,742
Revolution,742
Revolution,742
Stylo Bug,849
Ojjasvi,645
Ojjasvi,645
Ojjasvi,645
Fabriko,284
Geroo Jaipur,327
Geroo Jaipur,327
Aawari,21
Aawari,21
Aawari,21
Amydus,62
Amydus,62
Amydus,62
Fusion Beats,325
Fusion Beats,325
Fusion Beats,325
Diwaah,228
Go Colors,338
Go Colors,338
Go Colors,338
Go Colors,338
Go Colors,338
Go Colors,338
Go Colors,338
Go Colors,338
Go Colors,338
Go Colors,338
Go Colors,338
Go Colors,338
Go Colors,338
Go Colors,338
Go Colors,338
Pepe Jeans,677
Pepe Jeans,677
Pepe Jeans,677
Pepe Jeans,677
Pepe Jeans,677
Pepe Jeans,677
Pepe Jeans,677
Pepe Jeans,677
Pepe Jeans,677
Pepe Jeans,677
Pepe Jeans,677
Pepe Jeans,677
Pepe Jeans,677
Pepe Jeans,677
Pepe Jeans,677
Xpose,990
Xpose,990
Senyora,792
Flambeur,303
Flambeur,303
Flambeur,303
One Femme,648
Belliskey,123
Belliskey,123
Belliskey,123
Code 61,187
Silk Bazar,820
Smarty Pants,831
Aeropostale,34
Jompers,433
Jompers,433
Jompers,433
Jompers,433
Jompers,433
Indibelle,395
Indibelle,395
Indibelle,395
Women Touch,984
Instafab Plus,400
Instafab Plus,400
Instafab Plus,400
Instafab Plus,400
Cation,166
Cation,166
Zima Leto,1013
Zima Leto,1013
Zima Leto,1013
Cayman,167
Cayman,167
Cayman,167
Cayman,167
Cayman,167
Cayman,167
Cayman,167
Cayman,167
Cayman,167
Banarasi Style,112
American Eye,58
American Eye,58
American Eye,58
American Eye,58
Silai Bunai,819
Souchii,834
Souchii,834
Souchii,834
Pistaa,687
Hubberholme,378
Hubberholme,378
Hubberholme,378
Hubberholme,378
Hubberholme,378
Kook N Keech Emoji,479
Saree Swarg,780
Baby Lakshmi,108
Bronz,152
Bronz,152
Bronz,152
Bronz,152
Bronz,152
Bronz,152
Bronz,152
Bronz,152
Berrylush Curve,126
Berrylush Curve,126
Nejo,623
Ethnicity,262
Ethnicity,262
Triveni,912
Florence,308
Club York,185
Aujjessa,99
Faserz,286
Faserz,286
Besiva,127
Saanjh,766
Saanjh,766
Saanjh,766
Saanjh,766
Varkala Silk Sarees,946
Varkala Silk Sarees,946
Vastraa Fusion,948
Vastraa Fusion,948
Vastraa Fusion,948
Vastraa Fusion,948
Alsace Lorraine Paris,53
Alsace Lorraine Paris,53
Alsace Lorraine Paris,53
Alsace Lorraine Paris,53
Alsace Lorraine Paris,53
Alsace Lorraine Paris,53
Alsace Lorraine Paris,53
Alsace Lorraine Paris,53
Alsace Lorraine Paris,53
Alsace Lorraine Paris,53
Alsace Lorraine Paris,53
Alsace Lorraine Paris,53
Alsace Lorraine Paris,53
Alsace Lorraine Paris,53
Alsace Lorraine Paris,53
Alsace Lorraine Paris,53
Alsace Lorraine Paris,53
Alsace Lorraine Paris,53
Alsace Lorraine Paris,53
Alsace Lorraine Paris,53
Alsace Lorraine Paris,53
Alsace Lorraine Paris,53
Alsace Lorraine Paris,53
Alsace Lorraine Paris,53
Alsace Lorraine Paris,53
Alsace Lorraine Paris,53
Amrutam Fab,61
Juelle,434
Mine4Nine,570
Ritu Kumar,745
Columbia,192
Reebok,736
J Style,415
Poshak Hub,695
Free Authority,320
Taanz,867
Taanz,867
Enamor,254
Enamor,254
Ginni Arora Label,333
Justanned,442
Dollar Missy,231
F.R.I.E.N.D.S By Sztori,269
Aasiya,20
Lovely Lady,523
Lovely Lady,523
An Episode,63
Kalista,445
Kalista,445
Fabclub,275
Laado - Pamper Yourself,492
Laado - Pamper Yourself,492
Laado - Pamper Yourself,492
Get Glamr,329
Get Glamr,329
Tulsattva,916
Tulsattva,916
Tulsattva,916
Westwood,975
Pannkh,666
Pannkh,666
Pannkh,666
Rudra Bazaar,756
Quechua By Decathlon,714
Fort Collins,316
Fort Collins,316
Fort Collins,316
Fort Collins,316
Fort Collins,316
Fort Collins,316
Enchanted Drapes,255
Gipsy,334
Van Heusen,942
Bitz,137
Seerat,790
Quinoa,716
Naari,606
Indietoga,396
Indietoga,396
Bene Kleed,124
Bene Kleed,124
Allen Solly Tribe,51
Indethnic,390
Swishchick,864
Park Avenue,672
Juniper Plus,440
Peppermint,678
Peppermint,678
Peppermint,678
U.S. Polo Assn.,922
U.S. Polo Assn.,922
Nanda Silk Mills,612
Nanda Silk Mills,612
Kook N Keech Looney Tunes,480
Raano,720
Kanvin,450
Zeyo,1009
American Crew,56
Roly Poly,752
Mystere Paris,605
Noi,637
